"DESCRIPTION","FIRSTNAME","LASTNAME"
"support","Parul","Manek"
"support","Willem","Mevius"
"support","Harry","Miller"
"support","Jonathan","Mollerup"
"support","Zheng","Mu"
"support","Fabricio","Noriega"
"support","Danni","Ortman"
"support","Dan","Park"
"support","Lori","Penor"
"support","Terrence","Philip"
"support","Hazem","Abolrous"
"support","Cigdem","Akin"
"support","Houman","Pournasseh"
"support","James","Alvord"
"support","Vishwa","Ranjan"
"support","Luca","Argentiero"
"support","Filip","Rehorik"
"support","Vivian","Atlas"
"support","Tali","Roth"
"support","Dave","Barnett"
"support","Parry","Bedi"
"support","Mandar","Samant"
"support","Catherine","Boeger"
"support","Rhae-Christie","Shaw"
"support","Jonas","Brandel"
"support","Edmund","Silva"
"support","Jed","Brown"
"support","Neven","Sokec"
"support","Dennis","Bye"
"support","Fabrice","Canel"
"support","Sethu","Srinivasan"
"support","Jaka","Stele"
"support","Maggie","Carrido"
"support","Lucia","Ceckova"
"support","Eric","Swift"
"support","Ram","Thirunavukkarasu"
"support","Can","Comertoglu"
"support","Lisa","Toftemark"
"support","Steffen","Tschimmel"
"support","Shannon","Dascher"
"support","Purvi","Vaidya"
"support","Molly","Dempsey"
"support","Nina","Vietzen"
"support","Blaine","Dockter"
"support","Martin","Weber"
"support","Daniel","Durrer"
"support","Pia","Westermann"
"support","Aaren","Ekelund"
"support","Mariusz","Wolodzko"
"support","Ken","Ewert"
"support","Ming-Yang","Xie"
"support","Heinrich","Fischer"
"support","Soren","Francker"
"support","Joanna","Yuan"
"support","Mike","Gahrns"
"support","Jens","Geschwandtner"
"support","Jon","Gordner"
"support","Kirk","Gregersen"
"support","Yanlai","Guo"
"support","Mu","Han"
"support","Phyllis","Harris"
"support","Limor","Henig"
"support","Stefan","Hesse"
"support","Roland","Hofmann"
"support","Arlene","Huff"
"support","Raman","Iyer"
"support","Erik","Jensen"
"support","Sarah","Jones"
"support","Bonnie","Kearney"
"support","Jennifer","Kensok"
"support","Petr","Klement"
"support","Franz","Kohl"
"support","Karin","Lamb"
"support","Oliver","Lee"
"support","Jeremy","Los"
"support","Melissa","MacBeth"
"support","Hemant","Mahawar"
